id,nom,sigle,categorie,esa_code,beneficiaire,secteur,base_legale,montant_eur,annee,statut,critere_echec,notes,source_ids
seed-cotisations-du-regime-general-maladie-vieillesse-famille-at-mp-csa,"Cotisations du régime général (maladie, vieillesse, famille, AT-MP, CSA)",,cotisation sociale,,,ASSO,Code de la sécurité sociale,420000000000.0,2024,PRIS,,Recouvrées par les URSSAF (part salariale et patronale).,readme_seed
seed-taxe-sur-la-valeur-ajoutee,Taxe sur la valeur ajoutée,TVA,impôt d'État,D211,,APUC,CGI art. 256 s.,206332000000.0,2024,PRIS,,Premier impôt par le rendement — fractions affectées ASSO/APUL.,eurostat_ntl;readme_seed
seed-contribution-sociale-generalisee,Contribution sociale généralisée,CSG,fiscalité sociale,D51,CNAMTS,ASSO,CSS art. L136-1 s.,153131000000.0,2024,PRIS,,,eurostat_ntl;taxes_affectees;readme_seed
seed-impot-sur-le-revenu,Impôt sur le revenu,IR,impôt d'État,D51,,APUC,CGI art. 1 A s.,96163000000.0,2024,PRIS,,Prélevé à la source — inclut le PFU (flat tax).,eurostat_ntl;readme_seed
seed-cotisations-de-retraite-complementaire-obligatoire,Cotisations de retraite complémentaire obligatoire,AGIRC-ARRCO,cotisation sociale,,,ASSO,ANI / Code de la sécurité sociale,90000000000.0,2024,PRIS,,"Inclut IRCANTEC, RAFP.",readme_seed
seed-impot-sur-les-societes,Impôt sur les sociétés,IS,impôt d'État,,,APUC,CGI art. 205 s.,60000000000.0,2024,PRIS,,Inclut contributions sociale et exceptionnelles sur l'IS.,readme_seed
seed-taxe-fonciere-sur-les-proprietes-baties,Taxe foncière sur les propriétés bâties,TFPB,impôt local,D29,,APUL,CGI art. 1380 s.,42059000000.0,2024,PRIS,,,eurostat_ntl;readme_seed
seed-cotisations-d-assurance-chomage-part-employeur,Cotisations d'assurance chômage (part employeur),,cotisation sociale,,,ASSO,Code du travail,40000000000.0,2024,PRIS,,Régime Unédic.,readme_seed
seed-accise-sur-les-energies-ex-ticpe,Accise sur les énergies (ex-TICPE),TICPE,impôt d'État,,,APUC,CIBS,30000000000.0,2024,PRIS,,,vm_tome1;readme_seed
eurostat-taxe-interieure-de-consommation-des-produits-energetiques,Taxe intérieure de consommation des produits énergétiques,,impôt sur la production/importation,D214,,,,29554000000.0,2024,PRIS,,,eurostat_ntl
seed-droits-d-enregistrement-et-de-mutation-a-titre-gratuit,Droits d'enregistrement et de mutation à titre gratuit,,impôt d'État,D91,,APUC,CGI,20819000000.0,2024,PRIS,,Successions et donations.,eurostat_ntl;readme_seed
seed-accises-sur-les-alcools-tabacs-et-boissons,"Accises sur les alcools, tabacs et boissons",,impôt d'État,,,APUC,CIBS,18000000000.0,2024,PRIS,,,readme_seed
seed-taxe-sur-les-salaires,Taxe sur les salaires,,fiscalité sociale,D29,"CNAVTS, CNAF, FSV, CNAMTS en 2016; CNAVTS, CNAF, CNAMTS dès 2017",ASSO,CGI art. 231,17315000000.0,2024,PRIS,,Employeurs non assujettis à la TVA.,eurostat_ntl;taxes_affectees;readme_seed
seed-cotisations-des-travailleurs-independants,Cotisations des travailleurs indépendants,,cotisation sociale,,,ASSO,Code de la sécurité sociale,15000000000.0,2024,PRIS,,Recouvrées par les URSSAF (ex-RSI).,readme_seed
seed-droits-de-mutation-a-titre-onereux,Droits de mutation à titre onéreux,DMTO,impôt local,,,APUL,CGI art. 1594 A s.,15000000000.0,2024,PRIS,,Part fiscale des « frais de notaire ».,readme_seed
eurostat-droits-d-enregistrement-y-compris-taxe-additionnelle,Droits d'enregistrement (y compris taxe additionnelle),,impôt sur la production/importation,D214,,,,14663000000.0,2024,PRIS,,,eurostat_ntl
eurostat-autres-prelevements-sociaux,Autres prélèvements sociaux,,impôt courant sur le revenu/patrimoine,D51,,,,14646000000.0,2024,PRIS,,,eurostat_ntl
eurostat-taxes-sur-les-tabacs,Taxes sur les tabacs,,impôt sur la production/importation,D214,,,,13606000000.0,2024,PRIS,,,eurostat_ntl
seed-versement-mobilite,Versement mobilité,,impôt local,D29,,APUL,Code des transports L2333-64,12231000000.0,2024,PRIS,,Dû par les employeurs (ex-versement transport).,eurostat_ntl;readme_seed
eurostat-contributions-des-entreprises-a-la-formation-professionnelle-et-a-l-app,Contributions des entreprises à la formation professionnelle et à l'apprentissage,,impôt sur la production/importation,D29,,,,11359000000.0,2024,PRIS,,,eurostat_ntl
seed-taxe-speciale-sur-les-conventions-d-assurance,Taxe spéciale sur les conventions d'assurance,TSCA,impôt d'État,D214,Départements (part départementale),APUC,CGI art. 991 s.,10031000000.0,2024,PRIS,,,eurostat_ntl;taxes_affectees;readme_seed
seed-contribution-unique-a-la-formation-professionnelle-et-a-l-alternance,Contribution unique à la formation professionnelle et à l'alternance,CUFPA,taxe affectée,,France Compétences,ODAC,Code du travail L6131-1,9830000000.0,2024,PRIS,,Ex-taxe d'apprentissage + contribution formation.,taxes_affectees;readme_seed
seed-contribution-au-remboursement-de-la-dette-sociale,Contribution au remboursement de la dette sociale,CRDS,fiscalité sociale,D51,,ASSO,Ordonnance 96-50,9084000000.0,2024,PRIS,,,eurostat_ntl;readme_seed
seed-cotisation-fonciere-des-entreprises,Cotisation foncière des entreprises,CFE,impôt local,D29,,APUL,CGI art. 1447 s.,7708000000.0,2024,PRIS,,,eurostat_ntl;readme_seed
seed-forfait-social,Forfait social,,fiscalité sociale,D29,,ASSO,CSS art. L137-15,6300000000.0,2024,PRIS,,,eurostat_ntl;readme_seed
eurostat-taxe-de-solidarite-additionnelle,Taxe de solidarité additionnelle,,impôt sur la production/importation,D214,,,,6211000000.0,2024,PRIS,,,eurostat_ntl
seed-contribution-sociale-de-solidarite-des-societes,Contribution sociale de solidarité des sociétés,C3S,fiscalité sociale,D29,"CNAMTS, CNAVTS, CCMSA (non salariés-maladie) en 2016; CNAVTS dès 2017",ASSO,CSS art. L651-1,5228000000.0,2024,PRIS,,,eurostat_ntl;taxes_affectees;readme_seed
seed-cotisation-sur-la-valeur-ajoutee-des-entreprises,Cotisation sur la valeur ajoutée des entreprises,CVAE,impôt local,D29,,APUL,CGI art. 1586 ter,5000000000.0,2024,PRIS,,En extinction progressive.,eurostat_ntl;vm_tome1;readme_seed
seed-cotisations-agricoles,Cotisations agricoles,,cotisation sociale,,,ASSO,Code rural,5000000000.0,2024,PRIS,,Recouvrées par la MSA.,readme_seed
seed-prelevement-de-solidarite-sur-les-revenus-du-capital,Prélèvement de solidarité sur les revenus du capital,,fiscalité sociale,,,ASSO,CSS,5000000000.0,2024,PRIS,,"Taux 7,5 %.",readme_seed
seed-taxe-de-solidarite-additionnelle-complementaire-sante,Taxe de solidarité additionnelle (complémentaire santé),TSA,fiscalité sociale,,,ASSO,CSS art. L862-4,5000000000.0,2024,PRIS,,,readme_seed
eurostat-accise-sur-l-electricite,Accise sur l'électricité,,impôt sur la production/importation,D214,,,,4803000000.0,2024,PRIS,,,eurostat_ntl
eurostat-taxes-sur-les-boissons,Taxes sur les boissons,,impôt sur la production/importation,D214,,,,4749000000.0,2024,PRIS,,,eurostat_ntl
eurostat-produits-de-la-loterie-nationale-et-du-loto,Produits de la loterie nationale et du loto,,impôt sur la production/importation,D214,,,,3988000000.0,2024,PRIS,,,eurostat_ntl
eurostat-taxe-interieure-sur-la-consommation-de-gaz-naturel,Taxe intérieure sur la consommation de gaz naturel,,impôt sur la production/importation,D214,,,,3183000000.0,2024,PRIS,,,eurostat_ntl
eurostat-taxe-sur-les-certificats-d-immatriculation-des-vehicules,Taxe sur les certificats d'immatriculation des véhicules,,impôt sur la production/importation,D214,ANTS - Agence nationale des titres sécurisés,,LFR-I 2014 et de la LFI 2015,3122000000.0,2024,PRIS,,,eurostat_ntl;taxes_affectees
seed-ressource-propre-fondee-sur-la-tva,Ressource propre fondée sur la TVA,,ressource UE,,,UE,Décision ressources propres UE,3000000000.0,2024,PRIS,,,readme_seed
eurostat-cotisation-patronale-pour-le-fnal-fonds-national-d-aide-au-logement,Cotisation patronale pour le FNAL (Fonds national d'aide au logement),,impôt sur la production/importation,D29,,,,2935000000.0,2024,PRIS,,,eurostat_ntl
eurostat-impot-de-solidarite-sur-la-fortune-jusque-2017-impot-sur-la-fortune-imm,Impôt de solidarité sur la fortune (jusque 2017) / Impôt sur la fortune immobilière (à partir de 2018),,impôt courant sur le revenu/patrimoine,D59,,,,2678000000.0,2024,PRIS,,,eurostat_ntl
eurostat-part-sur-les-salaires,Part sur les salaires,,impôt sur la production/importation,D29,,,,2630000000.0,2024,PRIS,,,eurostat_ntl
eurostat-droits-d-importation,Droits d'importation,,impôt sur la production/importation,D212,,,,2600000000.0,2024,PRIS,,,eurostat_ntl
seed-taxe-d-habitation-sur-les-residences-secondaires,Taxe d'habitation sur les résidences secondaires,THRS,impôt local,,,APUL,CGI art. 1407 s.,2500000000.0,2024,PRIS,,TH résidence principale supprimée.,readme_seed
eurostat-contribution-de-solidarite-pour-l-autonomie,Contribution de solidarité pour l'autonomie,,impôt sur la production/importation,D29,,,,2468000000.0,2024,PRIS,,,eurostat_ntl
seed-redevances-des-agences-de-l-eau,Redevances des agences de l'eau,,taxe affectée,,,ODAC,Code de l'environnement L213-10,2200000000.0,2024,PRIS,,Qualifiées d'impositions de toutes natures par le Conseil constitutionnel => PO (README §4.5).,readme_seed
eurostat-taxe-sur-les-emissions-de-co2,Taxe sur les émissions de CO2,,impôt sur la production/importation,D29,,,,2113000000.0,2024,PRIS,,,eurostat_ntl
seed-droits-de-douane,Droits de douane,,ressource UE,,,UE,Code des douanes de l'Union,2000000000.0,2024,PRIS,,"Ressources propres traditionnelles, perçus pour l'UE.",readme_seed
seed-impot-sur-la-fortune-immobiliere,Impôt sur la fortune immobilière,IFI,impôt d'État,,,APUC,CGI art. 964 s.,2000000000.0,2024,PRIS,,,vm_tome1;readme_seed
seed-impositions-forfaitaires-sur-les-entreprises-de-reseaux,Impositions forfaitaires sur les entreprises de réseaux,IFER,impôt local,D29,,APUL,CGI art. 1635-0 quinquies,1864000000.0,2024,PRIS,,,eurostat_ntl;readme_seed
eurostat-taxes-sur-les-transports,Taxes sur les transports,,impôt sur la production/importation,D214,,,,1859000000.0,2024,PRIS,,,eurostat_ntl
seed-taxe-sur-les-transactions-financieres,Taxe sur les transactions financières,TTF,impôt d'État,D214,,APUC,CGI art. 235 ter ZD,1851000000.0,2024,PRIS,,,eurostat_ntl;vm_tome1;readme_seed
eurostat-taxes-sur-les-paris-hippiques,Taxes sur les paris hippiques,,impôt sur la production/importation,D214,,,,1797000000.0,2024,PRIS,,,eurostat_ntl
eurostat-taxes-sur-les-services-professionnels-hors-droits-de-mutations,Taxes sur les services professionnels hors droits de mutations,,impôt sur la production/importation,D214,,,,1763000000.0,2024,PRIS,,,eurostat_ntl
eurostat-cotisations-sur-primes-d-assurance,Cotisations sur primes d'assurance,,impôt sur la production/importation,D214,,,,1728000000.0,2024,PRIS,,,eurostat_ntl
eurostat-participation-des-employeurs-a-l-effort-de-construction,Participation des employeurs à l'effort de construction,,impôt sur la production/importation,D29,,,,1497000000.0,2024,PRIS,,,eurostat_ntl
eurostat-taxes-au-profit-de-l-association-sur-la-garantie-des-salaires,Taxes au profit de l'Association sur la garantie des salaires,,impôt sur la production/importation,D29,,,,1468000000.0,2024,PRIS,,,eurostat_ntl
eurostat-taxes-sur-les-jeux-des-casinos,Taxes sur les jeux des casinos,,impôt sur la production/importation,D214,,,,1436000000.0,2024,PRIS,,,eurostat_ntl
eurostat-part-sur-la-consommation,Part sur la consommation,,impôt courant sur le revenu/patrimoine,D59,,,,1327000000.0,2024,PRIS,,,eurostat_ntl
seed-taxe-sur-les-surfaces-commerciales,Taxe sur les surfaces commerciales,TASCOM,impôt local,D29,,APUL,CGI,1268000000.0,2024,PRIS,,,eurostat_ntl;readme_seed
eurostat-taxe-sur-primes-d-assurance-automobile,Taxe sur primes d'assurance automobile,,impôt sur la production/importation,D214,,,,1255000000.0,2024,PRIS,,,eurostat_ntl
eurostat-part-sur-le-capital,Part sur le capital,,impôt sur la production/importation,D29,,,,1237000000.0,2024,PRIS,,,eurostat_ntl
seed-contribution-sur-les-emballages-plastiques-non-recycles,Contribution sur les emballages plastiques non recyclés,,ressource UE,,,UE,Décision ressources propres UE,1200000000.0,2024,PRIS,,,readme_seed
eurostat-taxes-sur-la-construction,Taxes sur la construction,,impôt sur la production/importation,D214,,,,1194000000.0,2024,PRIS,,,eurostat_ntl
eurostat-contribution-sociale-sur-les-benefices-des-societes,Contribution sociale sur les bénéfices des sociétés,,impôt courant sur le revenu/patrimoine,D51,,,,1166000000.0,2024,PRIS,,,eurostat_ntl
eurostat-taxe-sur-construction-de-bureaux-et-sur-les-locaux-a-usage-de-bureaux,Taxe sur construction de bureaux et sur les locaux à usage de bureaux,,impôt sur la production/importation,D29,,,,1055000000.0,2024,PRIS,,,eurostat_ntl
eurostat-contribution-patronale-sur-stock-options,Contribution patronale sur stock-options,,impôt sur la production/importation,D29,,,,1033000000.0,2024,PRIS,,,eurostat_ntl
eurostat-autres-taxes-sur-la-pollution,Autres taxes sur la pollution,,impôt sur la production/importation,D214,,,,1011000000.0,2024,PRIS,,,eurostat_ntl
eurostat-taxe-sur-les-vehicules-de-tourisme-des-societes,Taxe sur les véhicules de tourisme des sociétés,,impôt sur la production/importation,D29,,,,991000000.0,2024,PRIS,,,eurostat_ntl
eurostat-prelevements-sur-les-revenus-des-capitaux-mobiliers,Prélèvements sur les revenus des capitaux mobiliers,,impôt courant sur le revenu/patrimoine,D51,,,,971000000.0,2024,PRIS,,,eurostat_ntl
eurostat-taxes-pharmaceutiques-contribution-grossistes-repartiteurs-taxe-sur-les,"Taxes pharmaceutiques (contribution grossistes répartiteurs, taxe sur les ventes de médicaments et de cosmétiques)",,impôt sur la production/importation,D214,,,,957000000.0,2024,PRIS,,,eurostat_ntl
seed-taxe-fonciere-sur-les-proprietes-non-baties,Taxe foncière sur les propriétés non bâties,TFPNB,impôt local,D29,,APUL,CGI art. 1393 s.,883000000.0,2024,PRIS,,,eurostat_ntl;readme_seed
eurostat-redevances-sur-les-prelevements-de-l-eau,Redevances sur les prélèvements de l'eau,,impôt sur la production/importation,D214,,,,826000000.0,2024,PRIS,,,eurostat_ntl
seed-taxe-sur-les-services-numeriques,Taxe sur les services numériques,,impôt d'État,D214,,APUC,CGI art. 299 s.,785000000.0,2024,PRIS,,Dite « taxe GAFA ».,eurostat_ntl;vm_tome1;readme_seed
eurostat-cotisation-des-entreprises-cinematographiques-au-profit-du-cnc-centre-n,Cotisation des entreprises cinématographiques au profit du CNC (Centre national du cinéma),,impôt sur la production/importation,D214,,,,708000000.0,2024,PRIS,,,eurostat_ntl
eurostat-contribution-de-securite-immobiliere,Contribution de sécurité immobilière,,impôt sur la production/importation,D214,,,,692000000.0,2024,PRIS,,,eurostat_ntl
eurostat-retenue-sur-les-benefices-non-commerciaux,Retenue sur les bénéfices non commerciaux,,impôt courant sur le revenu/patrimoine,D51,,,,660000000.0,2024,PRIS,,,eurostat_ntl
eurostat-octroi-de-mer,Octroi de mer,,impôt sur la production/importation,D212,,,,648000000.0,2024,PRIS,,,eurostat_ntl
seed-taxe-d-enlevement-des-ordures-menageres,Taxe d'enlèvement des ordures ménagères,TEOM,impôt local,,Communes ou EPCI (établissements publics de coopération intercommunale à fiscalité propre) - part communale,APUL,CGI art. 1520 s.,627333482.0,2024,PRIS,,"TEOM adossée au foncier, sans lien avec le service rendu => PO (cf. README §4.2).",taxes_affectees;readme_seed
eurostat-autres-taxes-sur-l-energie,Autres taxes sur l'énergie,,impôt sur la production/importation,D214,,,,622000000.0,2024,PRIS,,,eurostat_ntl
eurostat-taxe-sur-les-mises-a-disposition-de-produits-petroliers-pour-le-stockag,Taxe sur les mises à disposition de produits pétroliers pour le stockage stratégique,,impôt sur la production/importation,D214,,,,599000000.0,2024,PRIS,,,eurostat_ntl
seed-taxe-d-amenagement,Taxe d'aménagement,,impôt local,,Départements (part départementale),APUL,CGI art. 1635 quater A,583836246.0,2024,PRIS,,,taxes_affectees;readme_seed
eurostat-taxe-sur-infrastructures-de-transport-longues-distances,Taxe sur infrastructures de transport longues distances,,impôt courant sur le revenu/patrimoine,D51,,,,549000000.0,2024,PRIS,,,eurostat_ntl
seed-taxe-gemapi,Taxe GEMAPI,,impôt local,D29,,APUL,CGI art. 1530 bis,532000000.0,2024,PRIS,,Gestion des milieux aquatiques et prévention des inondations.,eurostat_ntl;readme_seed
eurostat-produit-de-l-imposition-chambre-de-commerce,Produit de l'imposition chambre de commerce,,impôt sur la production/importation,D29,,,,525000000.0,2024,PRIS,,,eurostat_ntl
eurostat-contributions-sur-les-loyers-immobiliers,Contributions sur les loyers immobiliers,,impôt sur la production/importation,D214,,,,511000000.0,2024,PRIS,,,eurostat_ntl
eurostat-contribution-des-distributeurs-d-energie-electrique-basse-tension,Contribution des distributeurs d'énergie électrique basse tension,,impôt sur la production/importation,D214,,,,378000000.0,2024,PRIS,,,eurostat_ntl
eurostat-imposition-sur-les-pylones,Imposition sur les pylônes,,impôt sur la production/importation,D29,,,,348000000.0,2024,PRIS,,,eurostat_ntl
eurostat-taxe-due-par-les-operateurs-de-communications-electroniques,Taxe due par les opérateurs de communications électroniques,,impôt sur la production/importation,D214,,,,236000000.0,2024,PRIS,,,eurostat_ntl
eurostat-chambre-d-agriculture,Chambre d'agriculture,,impôt sur la production/importation,D29,,,,227000000.0,2024,PRIS,,,eurostat_ntl
eurostat-taxe-chambre-metier,Taxe chambre métier,,impôt sur la production/importation,D29,,,,214000000.0,2024,PRIS,,,eurostat_ntl
seed-taxe-de-solidarite-sur-les-billets-d-avion,Taxe de solidarité sur les billets d'avion,,taxe affectée,,FSD - Fonds de solidarité pour le développement géré par l'Agence française de développement (AFD) - suivi MAED,ODAC,CGI art. 302 bis K,210000000.0,2024,PRIS,,Dite « taxe Chirac » — inclut la taxe de l'aviation civile.,taxes_affectees;readme_seed
seed-taxe-locale-sur-la-publicite-exterieure,Taxe locale sur la publicité extérieure,TLPE,impôt local,,Communes,APUL,CGCT L2333-6 s.,193917022.0,2024,PRIS,,,taxes_affectees;readme_seed
seed-contribution-de-vie-etudiante-et-de-campus,Contribution de vie étudiante et de campus,CVEC,taxe affectée,,"Etablissements publics d'enseignement supérieur, établissements mentionnés aux articles L. 443-1 et L. 753-1 du code de l’éducation ou à l'article L. 1431-1 du code général des collectivités territoriales dispensant des formations initiales d'enseignement supérieur, établissements d'enseignement supérieur privés d'intérêt général et centres régionaux des œuvres universitaires et scolaires",ODAC,Code de l'éducation L841-5,174700000.0,2024,PRIS,,,taxes_affectees;readme_seed
eurostat-taxe-speciale-sur-les-vehicules-routiers-taxe-a-l-essieu,Taxe spéciale sur les véhicules routiers (taxe à l'essieu),,impôt sur la production/importation,D29,,,,154000000.0,2024,PRIS,,,eurostat_ntl
eurostat-autres-taxes-sur-le-revenu,Autres taxes sur le revenu,,impôt courant sur le revenu/patrimoine,D51,,,,144000000.0,2024,PRIS,,,eurostat_ntl
eurostat-contribution-sur-les-rentes-infra-marginales-electricite,Contribution sur les rentes infra marginales (électricité),,impôt sur la production/importation,D29,,,,127000000.0,2024,PRIS,,,eurostat_ntl
eurostat-taxes-sur-les-spectacles,Taxes sur les spectacles,,impôt sur la production/importation,D214,,,,96000000.0,2024,PRIS,,,eurostat_ntl
eurostat-redevance-cynegetique-permis-de-chasse,Redevance cynégétique (permis de chasse),,impôt courant sur le revenu/patrimoine,D59,,,,57000000.0,2024,PRIS,,,eurostat_ntl
eurostat-taxe-due-par-les-entreprises-de-transport-public-aerien-et-maritime-cor,"Taxe due par les entreprises de transport public aérien et maritime (Corse, DOM)",,impôt sur la production/importation,D29,"Collectivité territoriale de Corse et Conservatoire de l'espace littoral, de 2007 à 2011",,,47000000.0,2024,PRIS,,,eurostat_ntl;taxes_affectees
eurostat-droit-annuel-de-francisation-et-de-navigation,Droit annuel de francisation et de navigation,,impôt courant sur le revenu/patrimoine,D59,,,,44000000.0,2024,PRIS,,,eurostat_ntl
eurostat-taxe-de-risque-systemique,Taxe de risque systémique,,impôt courant sur le revenu/patrimoine,D59,,,,28000000.0,2024,PRIS,,,eurostat_ntl
seed-taxe-sur-les-surfaces-de-stationnement,Taxe sur les surfaces de stationnement,,impôt d'État,,SGP - Société du Grand Paris,APUC,CGI,14600000.0,2024,PRIS,,,taxes_affectees;readme_seed
eurostat-autres-taxes,Autres taxes,,impôt sur la production/importation,D212,,,,9000000.0,2024,PRIS,,,eurostat_ntl;vm_tome1
eurostat-taxe-exceptionnelle-de-solidarite-sur-les-hautes-remunerations,Taxe exceptionnelle de solidarité sur les hautes rémunérations,,impôt sur la production/importation,D29,,,,2000000.0,2024,PRIS,,,eurostat_ntl
eurostat-3-dividendes,3% dividendes,,impôt courant sur le revenu/patrimoine,D51,,,,0.0,2024,PRIS,,,eurostat_ntl
eurostat-achats-d-energies-renouvelables-a-prix-contractuels,Achats d'énergies renouvelables à prix contractuels,,impôt sur la production/importation,D29,,,,0.0,2024,PRIS,,,eurostat_ntl
eurostat-avoir-fiscal-distribue-negatif,Avoir fiscal distribué (négatif),,impôt courant sur le revenu/patrimoine,D51,,,,0.0,2024,PRIS,,,eurostat_ntl
eurostat-avoir-fiscal-utilise-positif,Avoir fiscal utilisé (positif),,impôt courant sur le revenu/patrimoine,D51,,,,0.0,2024,PRIS,,,eurostat_ntl
eurostat-contribution-au-srf-single-resolution-fund,Contribution au SRF (single resolution fund),,impôt sur la production/importation,D29,,,,0.0,2024,PRIS,,,eurostat_ntl
seed-contribution-exceptionnelle-sur-les-hauts-revenus,Contribution exceptionnelle sur les hauts revenus,CEHR,impôt d'État,,,APUC,CGI art. 223 sexies,,,PRIS,,,readme_seed
eurostat-contribution-temporaire-de-solidarite,Contribution temporaire de solidarité,,impôt courant sur le revenu/patrimoine,D51,,,,0.0,2024,PRIS,,,eurostat_ntl
seed-contributions-de-l-industrie-pharmaceutique-clause-de-sauvegarde-m,Contributions de l'industrie pharmaceutique (clause de sauvegarde M),,fiscalité sociale,,,ASSO,CSS,,,PRIS,,,readme_seed
eurostat-cotisation-minimale-de-taxe-professionnelle,Cotisation minimale de taxe professionnelle,,impôt sur la production/importation,D29,,,,0.0,2024,PRIS,,,eurostat_ntl
seed-cotisations-des-regimes-speciaux,Cotisations des régimes spéciaux,,cotisation sociale,,,ASSO,Code de la sécurité sociale,,,PRIS,,"CNRACL, SNCF, RATP, marins, etc.",readme_seed
seed-droits-de-timbre,Droits de timbre,,impôt d'État,,,APUC,CGI,,,PRIS,,"Passeports, cartes, etc.",readme_seed
eurostat-fonds-de-solidarite-contribution-des-fonctionnaires,Fonds de solidarité contribution des fonctionnaires,,impôt courant sur le revenu/patrimoine,D51,,,,0.0,2024,PRIS,,,eurostat_ntl
eurostat-impot-forfaitaire-annuel,Impôt forfaitaire annuel,,impôt courant sur le revenu/patrimoine,D51,,,,0.0,2024,PRIS,,,eurostat_ntl
eurostat-impot-sur-les-operations-traitees-dans-les-bourses-de-valeurs,Impôt sur les opérations traitées dans les bourses de valeurs,,impôt sur la production/importation,D214,,,,0.0,2024,PRIS,,,eurostat_ntl
seed-malus-automobile-co2-et-masse,Malus automobile (CO2 et masse),,impôt d'État,,,APUC,CIBS,,,PRIS,,,readme_seed
eurostat-prelevements-et-taxes-compensatoires-a-l-importation,Prélèvements et taxes compensatoires à l'importation,,impôt sur la production/importation,D212,,,,0.0,2024,PRIS,,,eurostat_ntl
eurostat-tva-sur-subventions,TVA sur subventions,,impôt sur la production/importation,D29,,,,0.0,2024,PRIS,,,eurostat_ntl
eurostat-taxe-additionnelle-sur-les-assurances-automobile,Taxe additionnelle sur les assurances automobile,,impôt sur la production/importation,D214,,,,0.0,2024,PRIS,,,eurostat_ntl
eurostat-taxe-d-habitation,Taxe d'habitation,,impôt courant sur le revenu/patrimoine,D59,,,,,,PRIS,,,eurostat_ntl
seed-taxe-de-sejour,Taxe de séjour,,impôt local,,,APUL,CGCT L2333-26 s.,,,PRIS,,,readme_seed
seed-taxe-generale-sur-les-activites-polluantes,Taxe générale sur les activités polluantes,TGAP,impôt d'État,,,APUC,CIBS,,,PRIS,,,vm_tome1;readme_seed
eurostat-taxe-professionnelle,Taxe professionnelle,,impôt sur la production/importation,D29,,,,0.0,2024,PRIS,,,eurostat_ntl
seed-taxe-sur-l-affectation-des-vehicules-a-des-fins-economiques,Taxe sur l'affectation des véhicules à des fins économiques,ex-TVS,impôt d'État,,,APUC,CIBS,,,PRIS,,,readme_seed
eurostat-taxe-sur-l-utilisation-des-voies-navigables-dont-taxe-hydraulique,Taxe sur l'utilisation des voies navigables (dont taxe hydraulique),,impôt sur la production/importation,D29,,,,0.0,2024,PRIS,,,eurostat_ntl
seed-taxe-sur-les-bureaux-et-locaux-en-ile-de-france,Taxe sur les bureaux et locaux en Île-de-France,,impôt d'État,,,APUC,CGI,,,PRIS,,,readme_seed
seed-taxe-sur-les-logements-vacants,Taxe sur les logements vacants,TLV,impôt local,,,APUL,CGI art. 232,,,PRIS,,,readme_seed
eurostat-taxe-sur-les-vehicules-partie-menages,Taxe sur les véhicules (partie ménages),,impôt courant sur le revenu/patrimoine,D59,,,,0.0,2024,PRIS,,,eurostat_ntl
seed-taxes-affectees-au-cnc,Taxes affectées au CNC,,taxe affectée,,,ODAC,Code du cinéma,,,PRIS,,"Entrées en salles, éditeurs/distributeurs TV, vidéo.",readme_seed
eurostat-taxes-au-profit-de-l-ademe-agence-de-l-environnement-et-de-la-maitrise-,Taxes au profit de l'ADEME (Agence de l'environnement et de la maîtrise de l'énergie),,impôt sur la production/importation,D214,,,,0.0,2024,PRIS,,,eurostat_ntl
eurostat-taxes-au-profit-du-fndma-financement-national-de-developpement-et-de-mo,Taxes au profit du FNDMA (Financement National de Développement et de Modernisation de l'Apprentissage),,impôt sur la production/importation,D29,,,,0.0,2024,PRIS,,,eurostat_ntl
seed-taxes-pour-frais-de-chambres-consulaires,Taxes pour frais de chambres consulaires,,taxe affectée,,,ODAC,CGI,,,PRIS,,"CCI, chambres de métiers et d'agriculture.",readme_seed
eurostat-taxes-sur-les-vehicules-a-moteur-payees-par-les-producteurs,Taxes sur les véhicules à moteur payées par les producteurs,,impôt sur la production/importation,D29,,,,0.0,2024,PRIS,,,eurostat_ntl
eurostat-impots-sur-les-societes-y-compris-majoration-et-frais-de-poursuite,Impôts sur les sociétés y compris majoration et frais de poursuite,,impôt courant sur le revenu/patrimoine,D51,,,,67998000000.0,2024,REJET,sanction,"Sanction, hors champ des prélèvements (README §5).",eurostat_ntl
ta-taxe-departementale-de-publicite-fonciere-sur-les-mutations-a-titres-onereux,Taxe départementale de publicité foncière sur les mutations à titres onéreux,,taxe affectée,,Départements (part départementale),,,14566202627.0,2024,A_ARBITRER,,,taxes_affectees
ta-droits-de-consommation-sur-les-tabacs,Droits de consommation sur les tabacs,,taxe affectée,,"CCMSA (non salariés-maladie, non salariés-RCO et salariés), CNAMTS, CNAF, autres régimes de sécurité sociale, CNSA, FCAATA, Fonds CMU-C jusqu'en 2016; CNAMTS et RAVGDT en 2017",,,13558609069.0,2024,A_ARBITRER,,,taxes_affectees
ta-contributions-pour-le-remboursement-de-la-dette-sociale-crds,Contributions pour le remboursement de la dette sociale (CRDS),,taxe affectée,,Caisse d'amortissement de la dette sociale (CADES),,,8716000000.0,2024,A_ARBITRER,,,taxes_affectees
ta-taxe-interieure-de-consommation-sur-les-produits-energetique-ticpe-fractions-,Taxe intérieure de consommation sur les produits énergétique (TICPE) - Fractions transférées en compensation du transfert du RMI/RSA et dans le cadre de l'acte II de la décentralisation,,taxe affectée,,Départements (part départementale),,,5102000000.0,2024,A_ARBITRER,,,taxes_affectees
ta-taxe-interieure-de-consommation-sur-les-produits-energetique-ticpe-dont-part-,Taxe intérieure de consommation sur les produits énergétique (TICPE dont part modulable),,taxe affectée,,Régions,,,4659437639.0,2024,A_ARBITRER,,,taxes_affectees
ta-taxe-communale-additionnelle-a-certains-droits-d-enregistrement,Taxe communale additionnelle à certains droits d'enregistrement,,taxe affectée,,Communes de plus de 5.000 hbts,,,3089122668.0,2024,A_ARBITRER,,,taxes_affectees
ta-cotisation-des-employeurs,Cotisation des employeurs,,taxe affectée,,FNAL - Fonds national d'aide au logement,,,2887000000.0,2024,A_ARBITRER,,,taxes_affectees
ta-taxe-sur-les-certificats-d-immatriculation-des-vehicules-cartes-grises,Taxe sur les certificats d'immatriculation des véhicules (cartes grises),,taxe affectée,,Régions,,,2440103298.0,2024,A_ARBITRER,,,taxes_affectees
ta-contribution-solidarite-autonomie-csa,Contribution solidarité autonomie (CSA),,taxe affectée,,CNSA,,,2376000000.0,2024,A_ARBITRER,,,taxes_affectees
ta-droits-de-consommation-sur-les-alcools,Droits de consommation sur les alcools,,taxe affectée,,"CCMSA (non salariés-vieillesse et maladie) jusqu'en 2016; CCMSA (non salariés-vieillesse, maladie et RCO) en 2017",,,2288636556.0,2024,A_ARBITRER,,,taxes_affectees
ta-redevance-pour-obstacle-sur-les-cours-d-eau-redevance-pour-stockage-d-eau-en-,"Redevance pour obstacle sur les cours d’eau, redevance pour stockage d’eau en période d’étiage, redevance pour la protection du milieu aquatique, redevance pour pollutions diffuses, redevances pour prélèvement sur la ressource en eau, redevances pour pollution de l’eau, redevances pour modernisation des réseaux de collecte, redevances cynégétiques, droit de validation du permis de chasse",,taxe affectée,,Agences de l'eau,,LFR 2015 et de la LFI 2016,2197620000.0,2024,A_ARBITRER,,,taxes_affectees
ta-fraction-affectee-du-produit-du-relevement-du-tarif-de-taxe-interieure-de-con,Fraction affectée du produit du relèvement du tarif de taxe intérieure de consommation sur les produits énergétiques (TICPE) sur le carburant gazole,,taxe affectée,,AFITF - Agence de financement des infrastructures de transport de France,,LFR-I 2014 et de la LFI 2015,1908403082.0,2024,A_ARBITRER,,,taxes_affectees
ta-contribution-tarifaire-d-acheminement-cta,Contribution tarifaire d'acheminement (CTA),,taxe affectée,,Caisse nationale de retraite des industries électriques et gazières,,,1702180000.0,2024,A_ARBITRER,,,taxes_affectees
ta-droit-d-octroi-de-mer-et-droit-d-octroi-de-mer-regional,Droit d'octroi de mer et droit d'octroi de mer régional,,taxe affectée,,Collectivités territoriales des DOM,,,1373812346.0,2024,A_ARBITRER,,,taxes_affectees
ta-droit-sur-les-bieres-et-les-boissons-non-alcoolisees,Droit sur les bières et les boissons non alcoolisées,,taxe affectée,,CCMSA - non salariés branche vieillesse,,,1179329637.0,2024,A_ARBITRER,,,taxes_affectees
ta-taxe-speciale-sur-les-conventions-d-assurance-automobile,Taxe spéciale sur les conventions d'assurance automobile,,taxe affectée,,CNAF,,,1135110042.0,2024,A_ARBITRER,,,taxes_affectees
ta-taxe-d-aeroport,Taxe d'aéroport,,taxe affectée,,Personnes publiques ou privées exploitant des aérodromes dont le trafic embarqué ou débarqué s'élève au cours de la dernière année civile connue à plus de 5000 unités de trafic (UDT),,,933000000.0,2024,A_ARBITRER,,,taxes_affectees
ta-contributions-patronales-et-salariales-sur-les-attributions-d-options-stock-o,Contributions patronales et salariales sur les attributions d’options (stock-options) de souscription ou d’achat des actions et sur les attributions gratuites,,taxe affectée,,CNAF,,,921251122.0,2024,A_ARBITRER,,,taxes_affectees
ta-contribution-des-employeurs-a-l-association-pour-la-gestion-du-regime-d-assur,Contribution des employeurs à l'association pour la gestion du régime d'assurance des créances des salariés (AGS),,taxe affectée,,AGS - Association pour la gestion du régime d'assurance des créances des salariés,,,907395885.0,2024,A_ARBITRER,,,taxes_affectees
ta-contribution-additionnelle-de-solidarite-autonomie-casa,Contribution additionnelle de solidarité autonomie (CASA),,taxe affectée,,CNSA,,,864000000.0,2024,A_ARBITRER,,,taxes_affectees
ta-cotisation-speciale-sur-les-boissons-alcooliques,Cotisation spéciale sur les boissons alcooliques,,taxe affectée,,CCMSA - non salariés branche vieillesse,,,762244125.0,2024,A_ARBITRER,,,taxes_affectees
ta-taxe-sur-les-vehicules-de-societe-tvs,Taxe sur les véhicules de société (TVS),,taxe affectée,,CNAF,,,759818763.0,2024,A_ARBITRER,,,taxes_affectees
ta-taxe-departementale-sur-la-consommation-finale-d-electricite-tcfe,Taxe départementale sur la consommation finale d'électricité (TCFE),,taxe affectée,,Départements et métropole de Lyon,,,722971545.0,2024,A_ARBITRER,,,taxes_affectees
ta-taxe-due-par-les-concessionnaires-d-autoroutes,Taxe due par les concessionnaires d'autoroutes,,taxe affectée,,AFITF - Agence de financement des infrastructures de transport de France,,LFI 2012,680000000.0,2024,A_ARBITRER,,,taxes_affectees
ta-taxe-annuelle-sur-les-locaux-a-usage-de-bureaux-les-locaux-commerciaux-les-lo,"Taxe annuelle sur les locaux à usage de bureaux, les locaux commerciaux, les locaux de stockage et les surfaces de stationnement annexées à ces catégories de locaux perçue dans la région Ile-de-France",,taxe affectée,,SGP - Société du Grand Paris,,LFI 2012,655100000.0,2024,A_ARBITRER,,,taxes_affectees
ta-taxe-sur-les-exploitants-d-infrastructures-de-transports,Taxe sur les exploitants d'infrastructures de transports,,taxe affectée,,AFITF - Agence de financement des infrastructures de transport de France,,LFI 2024,600000000.0,2024,A_ARBITRER,,,taxes_affectees
ta-prelevement-sur-les-contrats-d-assurance-de-biens,Prélèvement sur les contrats d'assurance de biens,,taxe affectée,,FGTI - Fonds de garantie des victimes d'actes terroristes et autres infractions,,,582121000.0,2024,A_ARBITRER,,,taxes_affectees
ta-taxe-interieure-de-consommation-sur-les-produits-energetiques-ticpe-part-gren,Taxe intérieure de consommation sur les produits énergétiques (TICPE) - part Grenelle,,taxe affectée,,Régions,,,563891796.0,2024,A_ARBITRER,,,taxes_affectees
ta-taxe-speciale-de-consommation-sur-les-carburants,Taxe spéciale de consommation sur les carburants,,taxe affectée,,"Régions de la Guadeloupe, de la Martinique, de la Guyane et de la Réunion",,,548967195.0,2024,A_ARBITRER,,,taxes_affectees
ta-solde-de-la-taxe-d-apprentissage-apres-prise-en-compte-des-versements-directs,Solde de la taxe d'apprentissage après prise en compte des versements directs des entreprises mentionnés au II de l'article L. 6241-2,,taxe affectée,,Caisse des dépôts et des consignations,,,515000000.0,2024,A_ARBITRER,,,taxes_affectees
ta-contribution-due-par-les-entreprises-exploitant-des-medicaments-beneficiant-d,Contribution due par les entreprises exploitant des médicaments bénéficiant d'une AMM / Contribution sur le chiffre d'affaires des entreprises exploitant une ou plusieurs spécialités pharmaceutiques,,taxe affectée,,CNAMTS,,,507100849.0,2024,A_ARBITRER,,,taxes_affectees
ta-droits-departementaux-d-enregistrement-sur-les-mutations-a-titre-onereux-d-im,Droits départementaux d'enregistrement sur les mutations à titre onéreux d'immeubles,,taxe affectée,,Départements (part départementale),,,499596734.0,2024,A_ARBITRER,,,taxes_affectees
ta-cotisation-obligatoire,Cotisation obligatoire,,taxe affectée,,Centre national de la fonction publique territoriale (CNFPT),,,493635074.0,2024,A_ARBITRER,,,taxes_affectees
ta-contribution-annuelle-au-fonds-de-developpement-pour-l-insertion-professionne,Contribution annuelle au fonds de développement pour l'insertion professionnelle des handicapés (FIPH),,taxe affectée,,Association de gestion du fonds de développement pour l'insertion professionnelle des handicapés (AGEFIPH),,,442400000.0,2024,A_ARBITRER,,,taxes_affectees
ta-taxe-sur-les-boissons-sucrees,Taxe sur les boissons sucrées,,taxe affectée,,CCMSA (non salariés-maladie),,,437841092.0,2024,A_ARBITRER,,,taxes_affectees
ta-droit-de-licence-sur-la-remuneration-des-debitants-de-tabacs,Droit de licence sur la rémunération des débitants de tabacs,,taxe affectée,,CNAMTS,,,369330712.0,2024,A_ARBITRER,,,taxes_affectees
ta-cotisation-versee-par-les-organismes-hlm-et-les-sem,Cotisation versée par les organismes HLM et les SEM,,taxe affectée,,CGLLS - Caisse de garantie du logement locatif social,,,342622000.0,2024,A_ARBITRER,,,taxes_affectees
ta-fraction-des-droits-de-timbre-sur-les-passeports-securises,Fraction des droits de timbre sur les passeports sécurisés,,taxe affectée,,ANTS - Agence nationale des titres sécurisés,,LFI 2012,297900000.0,2024,A_ARBITRER,,,taxes_affectees
ta-taxe-additionnelle-a-la-taxe-fonciere-sur-les-proprietes-non-baties-pour-frai,"Taxe additionnelle à la taxe foncière sur les propriétés non baties, pour frais de chambres d'agriculture (TCA-TFPNB)",,taxe affectée,,Chambres départementales d'agriculture,,LFI 2013 et de la LFR-III 2012,292000000.0,2024,A_ARBITRER,,,taxes_affectees
ta-ta-cfe-fraction-cci-r-de-la-taxe-additionnelle-a-la-cotisation-fonciere-des-e,TA-CFE - fraction CCI-R de la Taxe additionnelle à la cotisation foncière des entreprises pour frais de chambres de commerce et d’industrie de région,,taxe affectée,,Chambres de commerce et d'industrie de région (CCI-R),,LFI 2013 et de la LFR-III 2012,280000000.0,2024,A_ARBITRER,,,taxes_affectees
ta-ta-cvae-taxe-additionnelle-a-la-cotisation-sur-la-valeur-ajoutee-des-entrepri,TA-CVAE - Taxe additionnelle à la cotisation sur la valeur ajoutée des entreprises pour frais de chambres de commerce et d'industrie de région,,taxe affectée,,Chambres de commerce et d'industrie de région (CCI-R),,LFI 2013 et de la LFR-III 2012,272000000.0,2024,A_ARBITRER,,,taxes_affectees
ta-prelevement-progressif-sur-le-produit-des-jeux-dans-les-casinos-au-profit-des,Prélèvement progressif sur le produit des jeux dans les casinos au profit des communes,,taxe affectée,,Communes ou EPCI (établissements publics de coopération intercommunale à fiscalité propre) - part communale,,,263310000.0,2024,A_ARBITRER,,,taxes_affectees
ta-taxe-sur-les-transactions-financieres-fraction-affectee-de-la-ressource-etat,Taxe sur les transactions financières - fraction affectée de la ressource État,,taxe affectée,,FSD - Fonds de solidarité pour le développement géré par l'Agence française de développement (AFD) - suivi MEF,,LFI 2013 et de la LFR-III 2012,251000000.0,2024,A_ARBITRER,,,taxes_affectees
ta-contribution-due-par-les-laboratoires-et-les-grossistes-repartiteurs-sur-les-,Contribution due par les laboratoires et les grossistes répartiteurs sur les ventes en gros aux officines pharmaceutiques,,taxe affectée,,CNAMTS,,,247188404.0,2024,A_ARBITRER,,,taxes_affectees
ta-prelevement-sur-les-jeux-exploites-par-la-fdj-hors-paris-sportifs,Prélèvement sur les jeux exploités par la FdJ hors paris sportifs,,taxe affectée,,ANS - Agence nationale du sport,,LFI 2012,246087951.0,2024,A_ARBITRER,,,taxes_affectees
ta-tst-taxe-sur-les-editeurs-et-distributeurs-de-services-de-television-fraction,TST - Taxe sur les éditeurs et distributeurs de services de télévision - Fraction Editeurs,,taxe affectée,,CNC - Centre national du cinéma et de l'image animée,,,245270000.0,2024,A_ARBITRER,,,taxes_affectees
ta-ta-cfe-fraction-crma-de-la-taxe-additionnelle-a-la-cotisation-fonciere-des-en,TA-CFE - fraction CRMA de la Taxe additionnelle à la cotisation foncière des entreprises pour frais de chambre régionale de métiers et d'artisanat,,taxe affectée,,CRMA (incl. Alsace et Moselle),,LFR 2017 et LFI 2018,236747858.0,2024,A_ARBITRER,,,taxes_affectees
ta-contribution-supplementaire-a-l-apprentissage,Contribution supplémentaire à l'apprentissage,,taxe affectée,,France Compétences,,,235000000.0,2024,A_ARBITRER,,,taxes_affectees
ta-contributions-pour-frais-de-controle,Contributions pour frais de contrôle,,taxe affectée,,ACPR - Autorité de contrôle prudentiel et de résolution,,LFI 2014,223100000.0,2024,A_ARBITRER,,,taxes_affectees
ta-contribution-sur-les-regimes-de-retraite-conditionnant-la-constitution-de-dro,Contribution sur les régimes de retraite conditionnant la constitution de droits à prestations à l’achèvement de la carrière du bénéficiaire dans l’entreprise,,taxe affectée,,"CNAMTS, CNAVTS, CCMSA (non salariés-maladie) en 2016; CNAVTS dès 2017",,,221012503.0,2024,A_ARBITRER,,,taxes_affectees
ta-tst-taxe-sur-les-editeurs-et-distributeurs-de-services-de-television-fraction,TST - Taxe sur les éditeurs et distributeurs de services de télévision - Fraction Distributeurs,,taxe affectée,,CNC - Centre national du cinéma et de l'image animée,,,201601000.0,2024,A_ARBITRER,,,taxes_affectees
eurostat-recettes-diverses-et-penalites,Recettes diverses et pénalités,,impôt en capital,D91,,,,197000000.0,2024,REJET,sanction,"Sanction, hors champ des prélèvements (README §5).",eurostat_ntl
ta-redevances-percues-a-l-occasion-des-procedures-et-formalites-en-matiere-de-pr,"Redevances perçues à l'occasion des procédures et formalités en matière de propriété industrielle ainsi que de registre du commerce et des sociétés, établies par divers textes",,taxe affectée,,INPI - Institut national de la propriété industrielle,,LFI 2021,182220000.0,2024,A_ARBITRER,,,taxes_affectees
ta-prelevement-sur-les-paris-sportifs-en-ligne-de-la-fdj-et-des-nouveaux-operate,Prélèvement sur les paris sportifs en ligne de la FdJ et des nouveaux opérateurs agréés,,taxe affectée,,ANS - Agence nationale du sport,,LFI 2012,181700607.0,2024,A_ARBITRER,,,taxes_affectees
ta-impot-sur-les-spectacles-jeux-et-divertissements,"Impôt sur les spectacles, jeux et divertissements",,taxe affectée,,Communes,,,157914466.0,2024,A_ARBITRER,,,taxes_affectees
ta-taxe-de-sejour-taxe-de-sejour-forfaitaire,"Taxe de séjour, taxe de séjour forfaitaire",,taxe affectée,,Communes ou EPCI (établissements publics de coopération intercommunale à fiscalité propre) - part communale,,,156557950.0,2024,A_ARBITRER,,,taxes_affectees
ta-taxe-departementale-additionnelle-a-certains-droits-d-enregistrement,Taxe départementale additionnelle à certains droits d'enregistrement,,taxe affectée,,Départements (part départementale),,,148350136.0,2024,A_ARBITRER,,,taxes_affectees
ta-droit-de-consommation-sur-les-tabacs-dans-les-dom,Droit de consommation sur les tabacs dans les DOM,,taxe affectée,,"Collectivité territoriale de Corse et Conservatoire de l'espace littoral, de 2007 à 2011",,,143845400.0,2024,A_ARBITRER,,,taxes_affectees
ta-droits-de-consommation-sur-les-tabacs-dom,Droits de consommation sur les tabacs (DOM),,taxe affectée,,Départements d'Outre-mer,,,143845400.0,2024,A_ARBITRER,,,taxes_affectees
ta-tsa-taxe-sur-le-prix-des-entrees-aux-seances-organisees-par-les-exploitants-d,TSA - Taxe sur le prix des entrées aux séances organisées par les exploitants d’établissements de spectacles cinématographiques,,taxe affectée,,CNC - Centre national du cinéma et de l'image animée,,,135793000.0,2024,A_ARBITRER,,,taxes_affectees
ta-contribution-due-par-les-laboratoires-sur-leurs-depenses-de-publicite,Contribution due par les laboratoires sur leurs dépenses de publicité,,taxe affectée,,CNAMTS,,,132055481.0,2024,A_ARBITRER,,,taxes_affectees
ta-taxe-sur-les-ventes-et-les-locations-de-videogrammes-destines-a-l-usage-prive,Taxe sur les ventes et les locations de vidéogrammes destinés à l'usage privé du public (taxe vidéo et VOD ),,taxe affectée,,CNC - Centre national du cinéma et de l'image animée,,,130000000.0,2024,A_ARBITRER,,,taxes_affectees
ta-cotisation-btp-intemperies,Cotisation BTP intempéries,,taxe affectée,,UCF CIBTP - Union des caisses de France,,,128325577.0,2024,A_ARBITRER,,,taxes_affectees
ta-redevance-hydraulique,Redevance hydraulique,,taxe affectée,,VNF - Voies navigables de France,,LFI 2020,127500000.0,2024,A_ARBITRER,,,taxes_affectees
ta-contributions-additionnelles-aux-primes-ou-cotisations-afferentes-a-certaines,Contributions additionnelles aux primes ou cotisations afférentes à certaines conventions d'assurance,,taxe affectée,,FNGRA - Fonds national de gestion des risques en agriculture et fonds de calamités agricoles dans les départements d'outre-mer,,LFR 2015 et de la LFI 2016,120000000.0,2024,A_ARBITRER,,,taxes_affectees
ta-droits-et-contributions-pour-frais-de-controle,Droits et contributions pour frais de contrôle,,taxe affectée,,AMF - Autorité des marchés financiers,,LFI 2014,118600000.0,2024,A_ARBITRER,,,taxes_affectees
ta-taxe-de-balayage,Taxe de balayage,,taxe affectée,,Communes,,,113461601.0,2024,A_ARBITRER,,,taxes_affectees
ta-contribution-equivalente-aux-droits-de-plaidoirie,Contribution équivalente aux droits de plaidoirie,,taxe affectée,,CNBF - Caisse nationale des barreaux français,,,110597000.0,2024,A_ARBITRER,,,taxes_affectees
ta-droit-de-circulation-sur-les-vins-cidres-poires-et-hydromels,"Droit de circulation sur les vins, cidres, poirés et hydromels",,taxe affectée,,CCMSA - non salariés branche vieillesse,,,105557986.0,2024,A_ARBITRER,,,taxes_affectees
ta-contribution-des-assures,Contribution des assurés,,taxe affectée,,FGAO - Fonds de garantie des assurances obligatoires de dommages,,,101100000.0,2024,A_ARBITRER,,,taxes_affectees
ta-fraction-des-produits-annuels-de-la-vente-de-biens-confisques,Fraction des produits annuels de la vente de biens confisqués,,taxe affectée,,AGRASC - Agence de gestion et de recouvrement des avoirs saisis et confisqués,,LFI 2012,100000000.0,2024,A_ARBITRER,,,taxes_affectees
ta-contribution-patronale-au-dialogue-social-0-016,"Contribution patronale au dialogue social (0,016%)",,taxe affectée,,AGFPN - Association de Gestion du Fonds Paritaire National – AGFPN.,,,98045343.0,2024,A_ARBITRER,,,taxes_affectees
ta-taxe-pour-le-developpement-des-industries-de-la-mecanique-et-de-la-constructi,"Taxe pour le développement des industries de la mécanique et de la construction métallique, des matériels et consommables de soudage et produits du décolletage, de construction métallique et des matériels aérauliques et thermiques",,taxe affectée,,"CTI de l'Industrie : CT des indus. mécaniques (CETIM), CT de l'industrie du décolletage (CTDEC), CTI de la construction métallique (CTICM), CT des indus. aérauliques et thermiques (CETIAT), et Institut de Soudure",,,96715378.0,2024,A_ARBITRER,,,taxes_affectees
ta-droits-percus-au-profit-de-la-caisse-nationale-de-l-assurance-maladie-des-tra,"Droits perçus au profit de la Caisse nationale de l'assurance maladie des travailleurs salariés (CNAMTS) en matière de produits de santé, taxe annuelle due par les laboratoires de biologie médicale",,taxe affectée,,CNAMTS,,,86038605.0,2024,A_ARBITRER,,,taxes_affectees
ta-redevances-sur-les-paris-hippiques,Redevances sur les paris hippiques,,taxe affectée,,France Galop et la société d’encouragement à l’élevage du cheval français (SECF),,,84677756.0,2024,A_ARBITRER,,,taxes_affectees
ta-contribution-speciale-pour-la-gestion-des-dechets-radioactifs-conception,Contribution spéciale pour la gestion des déchets radioactifs - Conception,,taxe affectée,,ANDRA - Agence nationale pour la gestion des déchets radioactifs,,,80700000.0,2024,A_ARBITRER,,,taxes_affectees
ta-contribution-conventionnelle-a-la-formation-pour-les-entreprises-de-travail-t,Contribution conventionnelle à la formation pour les entreprises de travail temporaire,,taxe affectée,,Fonds pour l'emploi du travail temporaire,,,67405000.0,2024,A_ARBITRER,,,taxes_affectees
ta-taxe-speciale-d-equipement-au-profit-de-l-etablissement-public-societe-du-gra,Taxe spéciale d'équipement au profit de l'établissement public Société du Grand Paris,,taxe affectée,,SGP - Société du Grand Paris,,LFI 2012,67100000.0,2024,A_ARBITRER,,,taxes_affectees
ta-taxe-additionnelle-a-la-taxe-sur-les-installations-nucleaires-de-base-recherc,Taxe additionnelle à la taxe sur les installations nucléaires de base - Recherche,,taxe affectée,,ANDRA - Agence nationale pour la gestion des déchets radioactifs,,LFI 2012,65072400.0,2024,A_ARBITRER,,,taxes_affectees
ta-taxe-destinee-a-financer-le-developpement-des-actions-de-formation-profession,Taxe destinée à financer le développement des actions de formation professionnelle dans les transports routiers,,taxe affectée,,AFT - Association pour le développement de la formation professionnelle dans les transports,,,63426000.0,2024,A_ARBITRER,,,taxes_affectees
ta-contribution-annuelle-au-profit-de-l-institut-de-radioprotection-et-de-surete,Contribution annuelle au profit de l'Institut de radioprotection et de sûreté nucléaire,,taxe affectée,,IRSN - Institut de radioprotection et de sûreté nucléaire,,LFR 2015 et de la LFI 2016,61087750.0,2024,A_ARBITRER,,,taxes_affectees
ta-droit-de-consommation-sur-les-produits-intermediaires,Droit de consommation sur les produits intermédiaires,,taxe affectée,,CCMSA - non salariés branche vieillesse,,,60649900.0,2024,A_ARBITRER,,,taxes_affectees
ta-contribution-sur-la-cession-a-un-service-de-television-des-droits-de-diffusio,Contribution sur la cession à un service de télévision des droits de diffusion de manifestations ou de compétitions sportives,,taxe affectée,,ANS - Agence nationale du sport,,LFI 2012,59665398.0,2024,A_ARBITRER,,,taxes_affectees
ta-contribution-due-par-les-entreprises-fabriquant-ou-exploitant-des-dispositifs,Contribution due par les entreprises fabriquant ou exploitant des dispositifs médicaux sur leurs dépenses de publicité,,taxe affectée,,CNAMTS,,,53747476.0,2024,A_ARBITRER,,,taxes_affectees
ta-contribution-specifique-pour-le-developpement-de-la-formation-professionnelle,Contribution spécifique pour le développement de la formation professionnelle initiale et continue dans les métiers des professions du bâtiment et des travaux publics.,,taxe affectée,,3CABTP et OPCO Constructys,,,51534400.0,2024,A_ARBITRER,,,taxes_affectees
ta-contribution-sur-les-avantages-de-preretraite-d-entreprise,Contribution sur les avantages de préretraite d’entreprise,,taxe affectée,,"CNAMTS, CNAVTS, CCMSA (non salariés-maladie) en 2016; CNAVTS dès 2017",,,48462524.0,2024,A_ARBITRER,,,taxes_affectees
ta-taxe-sur-les-nuisances-sonores-aeriennes,Taxe sur les nuisances sonores aériennes,,taxe affectée,,"Personnes publiques ou privées exploitant des aérodromes pour lesquels : - le nombre annuel des mouvements d'aéronefs de masse maximale au décollage supérieure ou égale à 20 tonnes a dépassé 20 000 lors de l'une des cinq années civiles précédentes, - ou le nombre annuel des mouvements d'aéronef de masse maximale au décollage supérieure ou égale à 2 tonnes a dépassé 50 000 lors de l'une des 5 années civiles précédentes, si les plans d'exposition au bruit ou de gêne sonore de cet aérodrome possèdent un domaine d'intersection avec les plans d'exposition au bruit ou de gêne sonore d'un aérodrome présentant les caractéristiques définies au tiret précédent.",,LFI 2014,44000000.0,2024,A_ARBITRER,,,taxes_affectees
eurostat-amendes-et-confiscations,Amendes et confiscations,,impôt sur la production/importation,D212,,,,40000000.0,2024,REJET,sanction,"Sanction, hors champ des prélèvements (README §5).",eurostat_ntl
ta-taxe-sur-les-boissons-edulcorees,Taxe sur les boissons édulcorées,,taxe affectée,,CCMSA (non salariés-maladie),,,38598427.0,2024,A_ARBITRER,,,taxes_affectees
ta-droit-departemental-de-passage-sur-les-ouvrages-d-art-reliant-le-continent-au,Droit départemental de passage sur les ouvrages d'art reliant le continent aux îles maritimes,,taxe affectée,,Départements (part départementale),,,34174937.0,2024,A_ARBITRER,,,taxes_affectees
ta-taxe-pour-le-developpement-de-la-formation-professionnelle-dans-les-metiers-d,"Taxe pour le développement de la formation professionnelle dans les métiers de la réparation de l'automobile, du cycle et du motocycle",,taxe affectée,,ANFA - Association nationale pour la formation automobile,,,32656722.0,2024,A_ARBITRER,,,taxes_affectees
ta-taxe-due-par-les-entreprises-de-transport-public-aerien-et-maritime-sur-les-p,Taxe due par les entreprises de transport public aérien et maritime sur les passagers embarqués,,taxe affectée,,"Régions de la Guadeloupe, de la Martinique, de la Guyane et de la Réunion",,,31870573.0,2024,A_ARBITRER,,,taxes_affectees
ta-fraction-du-prelevement-sur-les-jeux-de-loterie-correspondant-aux-jeux-dedies,Fraction du prélèvement sur les jeux de loterie correspondant aux jeux dédiés au patrimoine,,taxe affectée,,Fondation du patrimoine,,,31264516.0,2024,A_ARBITRER,,,taxes_affectees
ta-participation-au-financement-de-la-formation-fraction-affectee-aux-cma-pour-l,Participation au financement de la formation- Fraction affectée aux CMA pour leurs actions de formation,,taxe affectée,,CRMA (incl. Alsace et Moselle),,,31000000.0,2024,A_ARBITRER,,,taxes_affectees
ta-taxe-sur-les-spectacles-de-varietes,Taxe sur les spectacles de variétés,,taxe affectée,,CNM - Centre national de la musique,,LFI 2012,30000000.0,2024,A_ARBITRER,,,taxes_affectees
ta-contribution-sur-les-indemnites-de-mise-a-la-retraite,Contribution sur les indemnités de mise à la retraite,,taxe affectée,,"CNAMTS, CNAVTS, CCMSA (non salariés-maladie) en 2016; CNAVTS dès 2017",,,29770006.0,2024,A_ARBITRER,,,taxes_affectees
ta-redevances-pour-prelevement-sur-la-ressource-en-eau-pour-pollution-de-l-eau-p,"Redevances pour prélèvement sur la ressource en eau, pour pollution de l'eau, pour modernisation des réseaux de collecte, pour pollutions diffuses, pour stockage d'eau en période d'étiage, pour obstacle sur les cours d'eau et pour protection du milieu aquatique dans les DOM",,taxe affectée,,Offices de l'eau (dans les DOM),,,28000000.0,2024,A_ARBITRER,,,taxes_affectees
ta-droit-affecte-au-fonds-d-indemnisation-de-la-profession-d-avoues-pres-les-cou,Droit affecté au fonds d’indemnisation de la profession d’avoués près les cours d’appel,,taxe affectée,,Fonds d'indemnisation de la profession d'avoués près les cours d'appel,,,26983448.0,2024,A_ARBITRER,,,taxes_affectees
ta-taxes-locales-d-equipement,Taxes locales d'équipement,,taxe affectée,,Communes ou Groupements de communes (parts communale et intercommunale),,,25255629.0,2024,A_ARBITRER,,,taxes_affectees
ta-fraction-des-droits-de-timbre-sur-les-cartes-nationales-d-identite,Fraction des droits de timbre sur les cartes nationales d'identité,,taxe affectée,,ANTS - Agence nationale des titres sécurisés,,LFI 2012,24855000.0,2024,A_ARBITRER,,,taxes_affectees
ta-taxe-sur-la-cession-a-titre-onereux-des-terrains-nus-ou-des-droits-relatifs-a,Taxe sur la cession à titre onéreux des terrains nus ou des droits relatifs à des terrains nus rendus constructibles du fait de leur classement,,taxe affectée,,ASP - Agence de services et de paiement,,LFI 2013 et de la LFR-III 2012,24000000.0,2024,A_ARBITRER,,,taxes_affectees
ta-surtaxe-sur-les-eaux-minerales,Surtaxe sur les eaux minérales,,taxe affectée,,Communes,,,21663438.0,2024,A_ARBITRER,,,taxes_affectees
ta-taxe-additionnelle-regionale-de-15-a-la-taxe-de-sejour-idf,Taxe additionnelle régionale de 15% à la taxe de séjour IDF,,taxe affectée,,SGP - Société du Grand Paris,,LFI 2019,20000000.0,2024,A_ARBITRER,,,taxes_affectees
ta-taxe-communale-sur-la-consommation-finale-d-electricite-tcfe,Taxe communale sur la consommation finale d'électricité (TCFE),,taxe affectée,,Communes ou EPCI (établissements publics de coopération intercommunale) à fiscalité propre et Départements - part intercommunale,,,19211201.0,2024,A_ARBITRER,,,taxes_affectees
ta-taxe-additionnelle-departementale-a-la-taxe-de-sejour,Taxe additionnelle départementale à la taxe de séjour,,taxe affectée,,Départements (part départementale),,,18668885.0,2024,A_ARBITRER,,,taxes_affectees
ta-taxe-sur-les-dechets-receptionnes-dans-une-installation-de-stockage-ou-un-inc,Taxe sur les déchets réceptionnés dans une installation de stockage ou un incinérateur de déchets ménagers,,taxe affectée,,Communes,,,17313784.0,2024,A_ARBITRER,,,taxes_affectees
ta-prelevement-sur-les-contrats-d-assurance-vie-en-desherence-prelevement-sur-le,Prélèvement sur les contrats d'assurance-vie en deshérence; 'Prélèvement sur les contrats participation et intéressement en déshérence,,taxe affectée,,"CNAMTS, CNAVTS, CCMSA (non salariés-maladie) en 2016; CNAVTS dès 2017",,,17183302.0,2024,REJET,C3,Versement non obligatoire (libre choix).,taxes_affectees
ta-taxe-pour-le-developpement-des-industries-du-cuir-de-la-maroquinerie-de-la-ga,"Taxe pour le développement des industries du cuir, de la maroquinerie, de la ganterie et de la chaussure",,taxe affectée,,"CTC - Comité professionnel de développement Cuir, Chaussure, Maroquinerie",,,16500000.0,2024,A_ARBITRER,,,taxes_affectees
ta-contribution-annuelle-acquittee-par-les-personnes-inscrites-comme-commissaire,"Contribution annuelle acquittée par les personnes inscrites comme commissaires aux comptes, et droit fixe sur chaque rapport de certification des comptes, et contribution de la compagnie nationale des commissaires aux comptes",,taxe affectée,,H3C - Haut conseil du commissariat aux comptes,,LFR 2017 et LFI 2018,16120000.0,2024,A_ARBITRER,,,taxes_affectees
ta-taxe-sur-les-titres-de-sejour-et-de-voyage-electroniques,Taxe sur les Titres de séjour et de voyage electroniques,,taxe affectée,,ANTS - Agence nationale des titres sécurisés,,LFI 2012,16000000.0,2024,A_ARBITRER,,,taxes_affectees
ta-taxe-pour-le-developpement-des-industries-de-l-ameublement-ainsi-que-des-indu,Taxe pour le développement des industries de l'ameublement ainsi que des industries du bois,,taxe affectée,,"CTI de la filière Bois - Comité professionnel de développement des industries françaises de l'ameublement et du bois (CODIFAB); Institut technologique FCBA (Filière cellulose, bois, ameublement); Centre technique de la mécanique (CETIM)",,,15100000.0,2024,A_ARBITRER,,,taxes_affectees
ta-taxe-pour-le-developpement-des-industries-des-materiaux-de-construction-regro,"Taxe pour le développement des industries des matériaux de construction regroupant les industries du béton, de la terre cuite et des roches ornementales et de construction",,taxe affectée,,CTI des matériaux : Centre d'étude et de recherche de l'industrie du béton (CERIB); Centre technique de matériaux naturels de construction (CTMNC),,,13079542.0,2024,A_ARBITRER,,,taxes_affectees
ta-redevances-umts-2g-et-3g,Redevances UMTS 2G et 3G,,taxe affectée,,"CNAMTS, CNAVTS, CCMSA (non salariés-maladie) en 2016; CNAVTS dès 2017",,,12835871.0,2024,A_ARBITRER,,,taxes_affectees
ta-taxe-pour-le-developpement-des-industries-de-l-horlogerie-bijouterie-joailler,"Taxe pour le développement des industries de l'horlogerie, bijouterie, joaillerie, orfèvrerie et arts de la table",,taxe affectée,,Francéclat,,,12700000.0,2024,A_ARBITRER,,,taxes_affectees
ta-cotisation-versee-par-les-organismes-hlm,Cotisation versée par les organismes HLM,,taxe affectée,,ANCOLS - Agence nationale de contrôle du logement social,,LFR-I 2014 et de la LFI 2015,11334000.0,2024,A_ARBITRER,,,taxes_affectees
ta-fraction-du-prelevement-sur-les-mises-de-jeux-de-cercle-en-ligne-affectee-aux,Fraction du Prélèvement sur les mises de jeux de cercle en ligne affectée aux communes dans le ressort territorial desquelles sont ouverts au public un ou plusieurs casinos,,taxe affectée,,Communes concernées,,,11000000.0,2024,A_ARBITRER,,,taxes_affectees
ta-fraction-du-prelevement-sur-les-paris-hippiques-affectee-aux-epci-sur-le-terr,Fraction du Prélèvement sur les paris hippiques affectée aux EPCI sur le territoire desquelles sont ouverts au public un ou plusieurs hippodromes (affectée jusqu'aux mises 2012 versées en 2013 aux Communes concernées),,taxe affectée,,EPCI concernés - Etablissements publics de coopération intercommunale à fiscalité propre (Communes concernées jusqu'en 2012),,,11000000.0,2024,A_ARBITRER,,,taxes_affectees
ta-taxe-pour-le-developpement-des-industries-de-l-habillement,Taxe pour le développement des industries de l'habillement,,taxe affectée,,Comité de développement et de promotion de l'habillement - DEFI,,,11000000.0,2024,A_ARBITRER,,,taxes_affectees
ta-redevances-communale-et-departementale-des-mines,Redevances communale et départementale des mines,,taxe affectée,,Communes ou EPCI (établissements publics de coopération intercommunale) à fiscalité propre et Départements - part départementale,,,10674603.0,2024,A_ARBITRER,,,taxes_affectees
ta-cotisations-normale-et-supplementaire-des-entreprises-cinematographiques,Cotisations (normale et supplémentaire) des entreprises cinématographiques,,taxe affectée,,CNC - Centre national du cinéma et de l'image animée,,,10102000.0,2024,A_ARBITRER,,,taxes_affectees
ta-droit-de-timbre-pour-la-delivrance-du-permis-de-conduire-en-cas-de-perte-ou-d,Droit de timbre pour la délivrance du permis de conduire en cas de perte ou de vol,,taxe affectée,,ANTS - Agence nationale des titres sécurisés,,LFI 2012,9604000.0,2024,A_ARBITRER,,,taxes_affectees
ta-taxe-relative-a-la-mise-sur-le-marche-des-produits-phytopharmaceutiques-et-de,"Taxe relative à la mise sur le marché des produits phytopharmaceutiques et de leurs adjuvants, des matières fertilisantes et de leurs adjuvants et des supports de culture",,taxe affectée,,"ANSéS - Agence nationale de sécurité sanitaire, de l'alimentation, de l'environnement et du travail",,LFR 2016 et LFI 2017,8700000.0,2024,A_ARBITRER,,,taxes_affectees
ta-prelevement-sur-la-participation-des-employeurs-a-l-effort-de-construction-pe,Prélèvement sur la participation des employeurs à l'effort de construction (PEEC),,taxe affectée,,ANCOLS - Agence nationale de contrôle du logement social,,LFR-I 2014 et de la LFI 2015,6450000.0,2024,A_ARBITRER,,,taxes_affectees
ta-taxe-affectee-au-financement-d-un-nouveau-centre-technique-industriel-de-la-p,Taxe affectée au financement d’un nouveau Centre Technique Industriel de la plasturgie et des composites,,taxe affectée,,Centres techniques industriels de la plasturgie et des composites,,,6400000.0,2024,A_ARBITRER,,,taxes_affectees
ta-droit-sur-les-produits-beneficiant-d-une-appellation-d-origine-ou-d-une-indic,Droit sur les produits bénéficiant d'une appellation d'origine ou d'une indication géographique protégée (INAO),,taxe affectée,,INAO - Institut national de l'origine et de la qualité,,LFI 2012,6100000.0,2024,A_ARBITRER,,,taxes_affectees
ta-taxe-sur-les-spectacles-percue-au-profit-de-l-association-pour-le-soutien-du-,Taxe sur les spectacles perçue au profit de l'Association pour le soutien du théâtre privé,,taxe affectée,,Association pour le soutien du théâtre privé,,LFI 2012,6000000.0,2024,A_ARBITRER,,,taxes_affectees
ta-taxe-sur-les-produits-de-la-fonderie,Taxe sur les produits de la fonderie,,taxe affectée,,CTIF - Centre technique des industries de la fonderie,,,5450000.0,2024,A_ARBITRER,,,taxes_affectees
ta-taxe-sur-les-remontees-mecaniques,Taxe sur les remontées mécaniques,,taxe affectée,,Communes ou EPCI (établissements publics de coopération intercommunale) à fiscalité propre et Départements - part communale,,,5271117.0,2024,A_ARBITRER,,,taxes_affectees
ta-fraction-des-prelevements-sociaux-sur-les-jeux-prevus-aux-art-l137-20-a-l137-,Fraction des Prélèvements sociaux sur les jeux prévus aux art. L137-20 à L137-22 du Code de la sécurité sociale,,taxe affectée,,ANSP - Agence nationale de santé publique,,LFI 2012,5000000.0,2024,A_ARBITRER,,,taxes_affectees
ta-droits-de-plaidoirie,Droits de plaidoirie,,taxe affectée,,CNBF - Caisse nationale des barreaux français,,,4802000.0,2024,A_ARBITRER,,,taxes_affectees
ta-droit-annuel-de-francisation-et-de-navigation-en-corse-droit-de-passeport-en-,Droit annuel de francisation et de navigation en Corse; droit de passeport en Corse,,taxe affectée,,"Collectivité territoriale de Corse et Conservatoire de l'espace littoral, de 2007 à 2011",,,4694040.0,2024,A_ARBITRER,,,taxes_affectees
ta-taxe-liee-aux-dossiers-de-demande-concernant-les-medicaments-veterinaires-ou-,Taxe liée aux dossiers de demande concernant les médicaments vétérinaires ou leur publicité,,taxe affectée,,"ANSéS - Agence nationale de sécurité sanitaire, de l'alimentation, de l'environnement et du travail",,LFR 2016 et LFI 2017,4300000.0,2024,A_ARBITRER,,,taxes_affectees
ta-taxe-annuelle-sur-la-vente-des-produits-phytopharmaceutiques,Taxe annuelle sur la vente des produits phytopharmaceutiques,,taxe affectée,,"ANSéS - Agence nationale de sécurité sanitaire, de l'alimentation, de l'environnement et du travail",,LFR-I 2014 et de la LFI 2015,4179000.0,2024,A_ARBITRER,,,taxes_affectees
ta-taxe-annuelle-portant-sur-les-autorisations-de-medicaments-veterinaires-et-le,Taxe annuelle portant sur les autorisations de médicaments vétérinaires et les autorisations d’établissements pharmaceutiques vétérinaires,,taxe affectée,,"ANSéS - Agence nationale de sécurité sanitaire, de l'alimentation, de l'environnement et du travail",,LFR 2016 et LFI 2017,4000000.0,2024,A_ARBITRER,,,taxes_affectees
ta-taxe-annuelle-sur-les-engins-maritimes-a-usage-personnel-taemup,Taxe annuelle sur les engins maritimes à usage personnel (TAEMUP),,taxe affectée,,Organismes de secours et de sauvetage en mer agréés (art. L742-9 code de la sécurité intérieure),,LFR 2017 et LFI 2018,4000000.0,2024,A_ARBITRER,,,taxes_affectees
ta-droits-assimiles-au-droit-d-octroi-de-mer-sur-les-rhums-et-spiritueux-a-base-,Droits assimilés au droit d'octroi de mer sur les rhums et spiritueux à base d'alcool de cru,,taxe affectée,,"Régions de la Guadeloupe, de la Martinique, de la Guyane et de la Réunion",,,3802982.0,2024,A_ARBITRER,,,taxes_affectees
ta-contribution-forfaitaire-des-organismes-assureurs-et-contribution-forfaitaire,Contribution forfaitaire des organismes assureurs et contribution forfaitaire des organismes participant à la gestion du régime prévu par la loi n° 2001-1128 du 30 novembre 2001,,taxe affectée,,FCATA (Fonds commun des accidents du travail agricole) jusqu'en 2016; CCMSA en 2017,,,3800000.0,2024,A_ARBITRER,,,taxes_affectees
ta-redevance-due-par-les-titulaires-de-titres-d-exploitation-de-mines-d-hydrocar,Redevance due par les titulaires de titres d'exploitation de mines d'hydrocarbures liquides ou gazeux,,taxe affectée,,"CNAMTS, CNAVTS, CCMSA (non salariés-maladie) en 2016; CNAVTS dès 2017",,,3600000.0,2024,A_ARBITRER,,,taxes_affectees
ta-taxe-sur-les-passagers-maritimes-embarques-a-destination-d-espaces-naturels-p,Taxe sur les passagers maritimes embarqués à destination d'espaces naturels protégés,,taxe affectée,,Personne publique assurant la gestion de l'espace naturel protégé concerné ou la commune d'implantation de l'espace naturel protégé,,,3600000.0,2024,A_ARBITRER,,,taxes_affectees
ta-ta-tinb-taxe-additionnelle-a-la-taxe-sur-les-installations-nucleaires-de-base,"TA-TINB - Taxe additionnelle à la taxe sur les installations nucléaires de base dite ""de stockage""",,taxe affectée,,Communes et EPCI (établissements publics de coopération intercommunale) situés dans un rayon maximal autour de l'accès principal aux installations de stockage,,,3300000.0,2024,A_ARBITRER,,,taxes_affectees
ta-taxe-pour-le-developpement-de-l-industrie-de-la-conservation-des-produits-agr,Taxe pour le développement de l'industrie de la conservation des produits agricoles (CTCPA),,taxe affectée,,CTCPA - Centre technique de la conservation des produits agricoles,,LFI 2012,2750000.0,2024,A_ARBITRER,,,taxes_affectees
ta-taxe-pour-le-developpement-des-industries-de-fabrication-du-papier-du-carton-,"Taxe pour le développement des industries de fabrication du papier, du carton et de la pâte de cellulose.",,taxe affectée,,"Centre technique de l’industrie des papiers, cartons et celluloses",,,2346000.0,2024,A_ARBITRER,,,taxes_affectees
ta-taxe-de-ski-de-fond,Taxe de ski de fond,,taxe affectée,,Communes ou EPCI (établissements publics de coopération intercommunale à fiscalité propre) - part intercommunale,,,2175955.0,2024,A_ARBITRER,,,taxes_affectees
ta-taxe-sur-les-exploitants-de-plateformes-de-mises-en-relation-par-voie-electro,Taxe sur les exploitants de plateformes de mises en relation par voie électronique en vue de fournir certaines prestations de transport,,taxe affectée,,ARPE - Autorité des relations sociales des plateformes d'emploi,,LFI 2022,2000000.0,2024,A_ARBITRER,,,taxes_affectees
ta-taxes-speciales-d-equipement,Taxes spéciales d'équipement,,taxe affectée,,Etablissement public foncier de Mayotte,,LFR 2016 et LFI 2017,1807000.0,2024,A_ARBITRER,,,taxes_affectees
ta-taxes-dans-le-domaine-funeraire,Taxes dans le domaine funéraire,,taxe affectée,,Communes ou EPCI (établissements publics de coopération intercommunale) à fiscalité propre,,,969277.0,2024,A_ARBITRER,,,taxes_affectees
ta-redevance-pour-delivrance-initiale-du-permis-de-chasse,Redevance pour délivrance initiale du permis de chasse,,taxe affectée,,OFB - Office français de la biodiversité,,,900000.0,2024,A_ARBITRER,,,taxes_affectees
ta-redevance-percue-a-l-occasion-de-l-introduction-des-familles-etrangeres-en-fr,Redevance perçue à l’occasion de l’introduction des familles étrangères en France,,taxe affectée,,OFII - Office français de l'immigration et de l'intégration,,,800000.0,2024,A_ARBITRER,,,taxes_affectees
ta-redevance-proportionnelle-sur-l-energie-hydraulique,Redevance proportionnelle sur l'énergie hydraulique,,taxe affectée,,Communes et départements (part départementale),,,782584.0,2024,A_ARBITRER,,,taxes_affectees
ta-taxe-affectee-au-financement-de-l-institut-des-corps-gras,Taxe affectée au financement de l'institut des corps gras,,taxe affectée,,ITERG - Institut des corps gras,,,650000.0,2024,A_ARBITRER,,,taxes_affectees
ta-taxe-due-par-les-concessionnaires-de-mines-d-or-les-amodiataires-des-concessi,"Taxe due par les concessionnaires de mines d'or, les amodiataires des concessions de mines d'or et les titulaires de permis et d'autorisations d'exploitation de mines d'or exploitées en Guyane (taxe additionnelle aurifère)",,taxe affectée,,Région de la Guyane,,,606216.0,2024,A_ARBITRER,,,taxes_affectees
ta-droit-d-examen-du-permis-de-chasse,Droit d'examen du permis de chasse,,taxe affectée,,OFB - Office français de la biodiversité,,,600000.0,2024,A_ARBITRER,,,taxes_affectees
ta-taxe-pour-non-raccordement-a-l-egout-participation-pour-le-financement-de-l-a,Taxe pour non-raccordement à l'égout - Participation pour le financement de l'assainissement collectif (PAC),,taxe affectée,,Communes,,,472229.0,2024,A_ARBITRER,,,taxes_affectees
ta-contribution-specifique-a-la-formation-professionnelle-pour-saint-pierre-et-m,Contribution spécifique à la formation professionnelle pour Saint Pierre et Miquelon,,taxe affectée,,France Compétences,,,281286.0,2024,A_ARBITRER,,,taxes_affectees
ta-versement-pour-sous-densite,Versement pour sous-densité,,taxe affectée,,Communes ou EPCI (établissements publics de coopération intercommunale) à fiscalité propre et Départements,,,208840.0,2024,A_ARBITRER,,,taxes_affectees
ta-taxe-annuelle-sur-les-engins-maritimes-a-usage-personnel-taemup-fraction-perc,Taxe annuelle sur les engins maritimes à usage personnel (TAEMUP) – Fraction perçue sur les engins ne battant pas pavillon français,,taxe affectée,,Organismes de secours et de sauvetage en mer agréés (art. L742-9 code de la sécurité intérieure),,LFR 2017 et LFI 2018,160000.0,2024,A_ARBITRER,,,taxes_affectees
ta-taxe-sur-les-permis-de-conduire,Taxe sur les permis de conduire,,taxe affectée,,Régions,,,50376.0,2024,A_ARBITRER,,,taxes_affectees
vm-1503-accises-sur-les-energies-ex-ticfe,Accises sur les énergies (ex-TICFE),,recette fiscale (État),,,,,,,A_ARBITRER,,,vm_tome1
vm-1502-accises-sur-les-energies-ex-ticgn,Accises sur les énergies (ex-TICGN),,recette fiscale (État),,,,,,,A_ARBITRER,,,vm_tome1
seed-amendes-penalites-et-majorations,"Amendes, pénalités et majorations",,indéterminée,,,,,,,REJET,sanction,"Sanction, hors champ des prélèvements (README §5).",readme_seed
vm-1440-contribution-differentielle-applicable-a-certains-contribuables-titulair,Contribution différentielle applicable à certains contribuables titulaires de très hauts revenus,,recette fiscale (État),,,,,,,A_ARBITRER,,,vm_tome1
ta-contribution-exceptionnelle-des-organismes-complementaires-en-sante-aux-depen,Contribution exceptionnelle des organismes complémentaires en santé aux dépenses liées à la gestion de l'épidémie de Covid-19,,taxe affectée,,CNAMTS,,,,2024,A_ARBITRER,,,taxes_affectees
vm-1441-contribution-exceptionnelle-sur-les-benefices-des-grandes-entreprises,Contribution exceptionnelle sur les bénéfices des grandes entreprises,,recette fiscale (État),,,,,,,A_ARBITRER,,,vm_tome1
ta-contribution-sociale-a-la-charge-des-fournisseurs-agrees-de-produits-de-tabac,Contribution sociale à la charge des fournisseurs agréés de produits de tabac,,taxe affectée,,CNAMTS - Fonds tabacs,,,,2024,A_ARBITRER,,,taxes_affectees
vm-1752-contribution-sur-la-rente-infra-marginale-de-la-production-d-electricite,Contribution sur la rente infra-marginale de la production d'électricité,,recette fiscale (État),,,,,,,A_ARBITRER,,,vm_tome1
eurostat-contribution-a-l-audiovisuel-public,Contribution à l'audiovisuel public,,impôt courant sur le revenu/patrimoine,D59,,,,0.0,2024,REJET,supprime,"Supprimée en 2022, remplacée par une fraction de TVA (mémoire, README §5).",eurostat_ntl
seed-contribution-a-l-audiovisuel-public-ex-redevance-tv,Contribution à l'audiovisuel public (ex-redevance TV),,indéterminée,,,,,,,REJET,supprime,"Supprimée en 2022, remplacée par une fraction de TVA (mémoire, README §5).",readme_seed
ta-cotisation-additionnelle-versee-par-les-organismes-hlm-et-les-sem,Cotisation additionnelle versée par les organismes HLM et les SEM,,taxe affectée,,FNAVDL - Fonds national d’accompagnement vers et dans le logement,,,,2024,A_ARBITRER,,,taxes_affectees
ta-cotisation-au-profit-des-caisses-d-assurances-d-accidents-agricoles-d-alsace-,Cotisation au profit des caisses d’assurances d’accidents agricoles d’Alsace-Moselle,,taxe affectée,,CAAA - Caisses d'assurances d'accidents agricoles d'Alsace-Moselle,,,,2024,A_ARBITRER,,,taxes_affectees
seed-cotisations-aux-ordres-professionnels-et-syndicats,Cotisations aux ordres professionnels et syndicats,,indéterminée,,,,,,,REJET,C2,Bénéficiaire hors périmètre APU (organisme privé).,readme_seed
seed-cotisations-facultatives-per-assurance-vie-prevoyance-facultative,"Cotisations facultatives (PER, assurance-vie, prévoyance facultative)",,indéterminée,,,,,,,REJET,C3,Versement non obligatoire (libre choix).,readme_seed
seed-cotisations-sociales-imputees-fonctionnaires-d-etat,Cotisations sociales imputées (fonctionnaires d'État),,cotisation sociale imputée,,,,,,,REJET,C1,Pas de versement effectif (employeur fictif).,readme_seed
seed-dons-et-legs-aux-administrations,Dons et legs aux administrations,,indéterminée,,,,,,,REJET,C3,Volontaires.,readme_seed
seed-emprunts-et-produits-de-la-dette,Emprunts et produits de la dette,,indéterminée,,,,,,,REJET,C3,"Ressource remboursable, librement souscrite.",readme_seed
seed-factures-d-eau-et-d-assainissement-part-exploitant,Factures d'eau et d'assainissement (part exploitant),,indéterminée,,,,,,,REJET,C3,Contrepartie directe.,readme_seed
seed-forfait-de-post-stationnement,Forfait de post-stationnement,FPS,indéterminée,,,,,,,REJET,C3,Contrepartie directe (occupation du domaine public) depuis 2018.,readme_seed
ta-fraction-de-taxe-de-solidarite-additionnelle-tsa,Fraction de Taxe de solidarité additionnelle (TSA),,taxe affectée,,Fonds CMU - Fonds de financement de la protection complémentaire de la couverture universelle du risque maladie,,,,2024,A_ARBITRER,,,taxes_affectees
ta-fraction-du-produit-des-successions-en-desherence,Fraction du produit des successions en déshérence,,taxe affectée,,Fondation du patrimoine,,,,2024,A_ARBITRER,,,taxes_affectees
seed-part-salariale-de-l-assurance-chomage,Part salariale de l'assurance chômage,,indéterminée,,,,,,,REJET,supprime,"Supprimée en 2018, remplacée par de la CSG.",readme_seed
vm-1785-produits-des-jeux-exploites-par-la-francaise-des-jeux-hors-paris-sportif,Produits des jeux exploités par la Française des jeux (hors paris sportifs),,recette fiscale (État),,,,,,,A_ARBITRER,,,vm_tome1
vm-1787-prelevement-sur-le-produit-brut-des-paris-hippiques,Prélèvement sur le produit brut des paris hippiques,,recette fiscale (État),,,,,,,A_ARBITRER,,,vm_tome1
vm-1789-prelevement-sur-les-jeux-de-cercle-en-ligne,Prélèvement sur les jeux de cercle en ligne,,recette fiscale (État),,,,,,,A_ARBITRER,,,vm_tome1
vm-1788-prelevement-sur-les-paris-sportifs,Prélèvement sur les paris sportifs,,recette fiscale (État),,,,,,,A_ARBITRER,,,vm_tome1
vm-1427-prelevements-de-solidarite,Prélèvements de solidarité,,recette fiscale (État),,,,,,,A_ARBITRER,,,vm_tome1
vm-1786-prelevements-sur-le-produit-des-jeux-dans-les-casinos,Prélèvements sur le produit des jeux dans les casinos,,recette fiscale (État),,,,,,,A_ARBITRER,,,vm_tome1
seed-peages-autoroutiers-et-d-ouvrages-d-art,Péages autoroutiers et d'ouvrages d'art,,indéterminée,,,,,,,REJET,C3,Paiement d'un service rendu (usage de l'infrastructure).,readme_seed
vm-1499-recettes-diverses,Recettes diverses,,recette fiscale (État),,,,,,,A_ARBITRER,,,vm_tome1
seed-redevance-d-enlevement-des-ordures-menageres,Redevance d'enlèvement des ordures ménagères,REOM,indéterminée,,,,,,,REJET,C3,Tarifée selon le service rendu => contrepartie directe (README §5).,readme_seed
ta-redevance-pour-creation-de-bureaux-ou-de-locaux-de-recherche-en-region-ile-de,Redevance pour création de bureaux ou de locaux de recherche en région Ile-de-France,,taxe affectée,,Région Ile-de-France,,,,2024,A_ARBITRER,,,taxes_affectees
seed-redevances-domaniales,Redevances domaniales,,indéterminée,,,,,,,REJET,C3,Contrepartie : droit d'occupation du domaine public.,readme_seed
vm-1402-retenues-a-la-source-et-prelevements-sur-les-revenus-de-capitaux-mobilie,Retenues à la source et prélèvements sur les revenus de capitaux mobiliers et le prélèvement sur les bons anonymes,,recette fiscale (État),,,,,,,A_ARBITRER,,,vm_tome1
vm-1401-retenues-a-la-source-sur-certains-benefices-non-commerciaux-et-de-l-impo,Retenues à la source sur certains bénéfices non commerciaux et de l'impôt sur le revenu,,recette fiscale (État),,,,,,,A_ARBITRER,,,vm_tome1
seed-revenus-du-domaine-dividendes-loyers,"Revenus du domaine, dividendes, loyers",,indéterminée,,,,,,,REJET,C3,Recettes patrimoniales avec contrepartie.,readme_seed
ta-taxe-annuelle-sur-les-logements-vacants,Taxe annuelle sur les logements vacants,,taxe affectée,,ANAH - Agence nationale de l'habitat,,,,2024,A_ARBITRER,,,taxes_affectees
ta-taxe-departementale-des-espaces-naturels-sensibles,Taxe départementale des espaces naturels sensibles,,taxe affectée,,Départements (part départementale),,,,2024,A_ARBITRER,,,taxes_affectees
ta-taxe-exceptionnelle-sur-la-reserve-de-capitalisation-exit-tax,Taxe exceptionnelle sur la réserve de capitalisation (exit-tax),,taxe affectée,,CNAF,,,,2024,A_ARBITRER,,,taxes_affectees
vm-1439-taxe-sur-le-patrimoine-financier,Taxe sur le patrimoine financier,,recette fiscale (État),,,,,,,A_ARBITRER,,,vm_tome1
ta-taxe-sur-les-declarations-et-notifications-de-produit-du-tabac,Taxe sur les déclarations et notifications de produit du tabac,,taxe affectée,,"ANSéS - Agence nationale de sécurité sanitaire, de l'alimentation, de l'environnement et du travail",,,,2024,A_ARBITRER,,,taxes_affectees
ta-taxe-sur-les-installations-de-production-d-electricite-utilisant-l-energie-me,Taxe sur les installations de production d'électricité utilisant l'énergie mécanique du vent situées dans les eaux intérieures ou la mer territoriale,,taxe affectée,,Comités départementaux et interdépartementaux des pêches maritimes et des élevages marins,,,,2024,A_ARBITRER,,,taxes_affectees
vm-1442-taxe-sur-les-petits-colis,Taxe sur les petits colis,,recette fiscale (État),,,,,,,A_ARBITRER,,,vm_tome1
ta-taxe-sur-les-plus-values-immobilieres-pvi-autres-que-terrains-a-batir,Taxe sur les plus-values immobilières (PVI) autres que terrains à bâtir,,taxe affectée,,FNAL - Fonds national d'aide au logement,,,,2024,A_ARBITRER,,,taxes_affectees
ta-taxe-sur-les-produits-de-tabac,Taxe sur les produits de tabac,,taxe affectée,,"ANSéS - Agence nationale de sécurité sanitaire, de l'alimentation, de l'environnement et du travail",,,,2024,A_ARBITRER,,,taxes_affectees
vm-1796-taxe-sur-les-rachats-d-actions,Taxe sur les rachats d'actions,,recette fiscale (État),,,,,,,A_ARBITRER,,,vm_tome1
ta-taxes-sur-les-friches-commerciales,Taxes sur les friches commerciales,,taxe affectée,,Communes ou EPCI (établissements publics de coopération intercommunale à fiscalité propre) - part communale,,,,2024,A_ARBITRER,,,taxes_affectees
ta-versement-transport-du-par-les-entreprises-de-plus-de-9-salaries-implantees-e,Versement transport dû par les entreprises de plus de 9 salariés implantées en province,,taxe affectée,,Autorités organisatrices des transports urbains,,,,2024,A_ARBITRER,,,taxes_affectees
